candidate_id,filename,true_label,generator,pred_A,pred_B,pred_C,pred_D,prob_AI_A,prob_AI_B,prob_AI_C,prob_AI_D,correct_models
DEF_REAL_004,DEF_DALLE_3_004_9de401e1086c.jpg,AI,DALL-E 3,REAL,REAL,AI,REAL,0.336464,2.1e-05,0.861789,0.015052,
DEF_REAL_018,DEF_DALLE_3_018_700aba0f658f.jpg,AI,DALL-E 3,REAL,REAL,AI,REAL,0.029947,0.068963,0.950072,0.06788,
DEF_REAL_023,DEF_DALLE_3_023_9fba48105620.jpg,AI,DALL-E 3,REAL,REAL,AI,REAL,0.014167,0.00386,0.619914,0.133122,
DEF_REAL_029,DEF_DALLE_3_029_f0d169b82e8b.jpg,AI,DALL-E 3,REAL,AI,AI,REAL,0.036383,0.623987,0.623881,0.378925,
DEF_REAL_076,DEF_DALLE_3_076_a43e78749578.jpg,AI,DALL-E 3,REAL,REAL,AI,REAL,0.259934,0.094873,0.836558,0.059718,
DEF_REAL_119,DEF_MIDJOURNEY_V6_019_a42ef1c268a4.jpg,AI,Midjourney v6,REAL,AI,AI,REAL,0.003889,0.976705,0.918282,0.021715,
DEF_REAL_145,DEF_MIDJOURNEY_V6_045_ac5aa31b5504.jpg,AI,Midjourney v6,REAL,REAL,AI,REAL,0.072965,0.069252,0.950236,0.318241,
DEF_REAL_172,DEF_MIDJOURNEY_V6_072_ffa980d610dc.jpg,AI,Midjourney v6,REAL,REAL,AI,REAL,0.055494,0.248028,0.999343,0.046745,
DEF_REAL_177,DEF_MIDJOURNEY_V6_077_f80cec85ab0c.jpg,AI,Midjourney v6,REAL,REAL,AI,REAL,0.044963,0.03496,0.978501,0.274291,
DEF_REAL_229,DEF_REAL_029_8d4fcfda8cb8.jpg,REAL,REAL (Natural Photos),AI,REAL,REAL,AI,0.973844,0.004423,0.096162,0.545762,
DEF_REAL_243,DEF_REAL_043_207fec91631c.jpg,REAL,REAL (Natural Photos),AI,REAL,REAL,AI,0.999998,0.06979,0.286152,0.912341,
DEF_REAL_317,DEF_REAL_117_c5f0a452dc96.jpg,REAL,REAL (Natural Photos),AI,REAL,REAL,AI,0.999986,0.013427,0.122832,0.797514,
DEF_REAL_318,DEF_REAL_118_8a2823a0db06.jpg,REAL,REAL (Natural Photos),AI,REAL,REAL,AI,0.765933,0.002443,0.011071,0.662972,
DEF_REAL_346,DEF_REAL_146_9d8b13ddcaa6.jpg,REAL,REAL (Natural Photos),AI,AI,REAL,AI,0.875681,0.853728,0.025173,0.898579,
DEF_REAL_374,DEF_REAL_174_795f7d4cfc0f.jpg,REAL,REAL (Natural Photos),AI,REAL,REAL,AI,0.555743,0.010398,0.034955,0.925949,
DEF_REAL_381,DEF_REAL_181_24d4ed1ed5c1.jpg,REAL,REAL (Natural Photos),AI,REAL,REAL,AI,0.999985,0.343179,0.223941,0.596843,
DEF_SD3_021,DEF_REAL_221_70f959c95e2a.jpg,REAL,REAL (Natural Photos),AI,REAL,REAL,AI,0.996898,0.051424,0.022684,0.713573,
DEF_SD3_050,DEF_REAL_250_4dac941d8e52.jpg,REAL,REAL (Natural Photos),AI,REAL,REAL,AI,0.998548,0.016304,0.308141,0.617979,
DEF_MIDJOURNEY_V6_014,DEF_REAL_314_1ed73bc34844.jpg,REAL,REAL (Natural Photos),AI,REAL,REAL,AI,0.999805,0.045466,0.170468,0.742546,
DEF_MIDJOURNEY_V6_019,DEF_REAL_319_c8dda64f2d3b.jpg,REAL,REAL (Natural Photos),AI,REAL,REAL,AI,0.999936,0.107179,0.385687,0.704739,
DEF_MIDJOURNEY_V6_087,DEF_REAL_387_6ba29eeb5696.jpg,REAL,REAL (Natural Photos),AI,REAL,REAL,AI,0.998854,0.332336,0.0,0.986291,
DEF_MIDJOURNEY_V6_094,DEF_REAL_394_43e14c9873dc.jpg,REAL,REAL (Natural Photos),AI,AI,REAL,AI,0.999334,0.999978,0.49278,0.811322,
DEF_MIDJOURNEY_V6_096,DEF_REAL_396_7276f58b95e6.jpg,REAL,REAL (Natural Photos),AI,REAL,REAL,AI,0.999993,4.5e-05,0.438626,0.991128,
DEF_SDXL_025,DEF_SDXL_025_f09335ce61cd.jpg,AI,SDXL,REAL,AI,AI,REAL,0.00376,0.912697,0.877653,0.464287,
DEF_SDXL_095,DEF_SDXL_095_4461b95a254e.jpg,AI,SDXL,REAL,AI,AI,REAL,0.121297,0.999913,0.9583,0.081056,
