index,ground_truth,generator,prediction,ai_probability,real_probability
0,REAL,Real,REAL,0.01,99.99
2,REAL,Real,REAL,0.16,99.84
4,REAL,Real,REAL,0.21,99.79
6,REAL,Real,REAL,31.73,68.27
8,REAL,Real,REAL,4.3,95.7
10,REAL,Real,REAL,0.08,99.92
12,REAL,Real,REAL,1.12,98.88
14,REAL,Real,REAL,5.39,94.61
16,REAL,Real,REAL,3.89,96.11
18,REAL,Real,REAL,4.9,95.1
20,REAL,Real,REAL,0.01,99.99
22,REAL,Real,AI-GENERATED,85.85,14.15
24,REAL,Real,REAL,36.73,63.27
26,REAL,Real,REAL,0.0,100.0
28,REAL,Real,AI-GENERATED,50.48,49.52
30,REAL,Real,AI-GENERATED,92.35,7.65
32,REAL,Real,REAL,41.88,58.12
34,REAL,Real,REAL,11.36,88.64
36,REAL,Real,AI-GENERATED,97.0,3.0
38,REAL,Real,REAL,19.19,80.81
40,REAL,Real,REAL,9.14,90.86
42,REAL,Real,REAL,1.6,98.4
44,REAL,Real,REAL,0.03,99.97
46,REAL,Real,REAL,0.0,100.0
48,REAL,Real,REAL,0.01,99.99
50,REAL,Real,AI-GENERATED,96.91,3.09
52,REAL,Real,AI-GENERATED,79.55,20.45
54,REAL,Real,REAL,12.81,87.19
56,REAL,Real,REAL,0.17,99.83
58,REAL,Real,REAL,0.37,99.63
60,REAL,Real,AI-GENERATED,98.0,2.0
62,REAL,Real,REAL,1.85,98.15
64,REAL,Real,AI-GENERATED,97.1,2.9
66,REAL,Real,REAL,32.45,67.55
68,REAL,Real,REAL,15.34,84.66
70,REAL,Real,REAL,0.08,99.92
72,REAL,Real,REAL,0.23,99.77
74,REAL,Real,REAL,2.8,97.2
76,REAL,Real,REAL,1.28,98.72
78,REAL,Real,REAL,12.06,87.94
80,REAL,Real,REAL,0.05,99.95
82,REAL,Real,REAL,8.45,91.55
84,REAL,Real,REAL,0.02,99.98
86,REAL,Real,REAL,0.15,99.85
88,REAL,Real,REAL,13.34,86.66
90,REAL,Real,AI-GENERATED,99.25,0.75
92,REAL,Real,AI-GENERATED,74.04,25.96
94,REAL,Real,AI-GENERATED,99.9,0.1
96,REAL,Real,AI-GENERATED,98.88,1.12
98,REAL,Real,REAL,1.82,98.18
1,AI-GENERATED,ADM,REAL,6.94,93.06
3,AI-GENERATED,BigGAN,REAL,49.34,50.66
5,AI-GENERATED,GLIDE,REAL,0.0,100.0
7,AI-GENERATED,Midjourney,REAL,0.07,99.93
9,AI-GENERATED,SD15,REAL,9.56,90.44
11,AI-GENERATED,VQDM,REAL,2.11,97.89
13,AI-GENERATED,Wukong,AI-GENERATED,73.3,26.7
15,AI-GENERATED,ADM,REAL,0.01,99.99
17,AI-GENERATED,BigGAN,REAL,2.24,97.76
19,AI-GENERATED,GLIDE,AI-GENERATED,96.77,3.23
21,AI-GENERATED,Midjourney,AI-GENERATED,66.99,33.01
23,AI-GENERATED,SD15,AI-GENERATED,99.96,0.04
25,AI-GENERATED,VQDM,AI-GENERATED,57.05,42.95
27,AI-GENERATED,Wukong,AI-GENERATED,93.1,6.9
29,AI-GENERATED,ADM,AI-GENERATED,59.56,40.44
31,AI-GENERATED,BigGAN,REAL,0.0,100.0
33,AI-GENERATED,GLIDE,REAL,0.06,99.94
35,AI-GENERATED,Midjourney,REAL,2.11,97.89
37,AI-GENERATED,SD15,AI-GENERATED,99.99,0.01
39,AI-GENERATED,VQDM,REAL,8.92,91.08
41,AI-GENERATED,Wukong,REAL,2.61,97.39
43,AI-GENERATED,ADM,REAL,2.18,97.82
45,AI-GENERATED,BigGAN,REAL,0.17,99.83
47,AI-GENERATED,GLIDE,REAL,7.36,92.64
49,AI-GENERATED,Midjourney,REAL,1.49,98.51
51,AI-GENERATED,SD15,AI-GENERATED,99.69,0.31
53,AI-GENERATED,VQDM,AI-GENERATED,72.11,27.89
55,AI-GENERATED,Wukong,AI-GENERATED,59.37,40.63
57,AI-GENERATED,ADM,REAL,0.16,99.84
59,AI-GENERATED,BigGAN,REAL,1.69,98.31
61,AI-GENERATED,GLIDE,REAL,0.09,99.91
63,AI-GENERATED,Midjourney,REAL,1.02,98.98
65,AI-GENERATED,SD15,AI-GENERATED,84.85,15.15
67,AI-GENERATED,VQDM,AI-GENERATED,99.55,0.45
69,AI-GENERATED,Wukong,AI-GENERATED,53.8,46.2
71,AI-GENERATED,ADM,REAL,0.32,99.68
73,AI-GENERATED,BigGAN,REAL,0.13,99.87
75,AI-GENERATED,GLIDE,REAL,34.6,65.4
77,AI-GENERATED,Midjourney,AI-GENERATED,71.94,28.06
79,AI-GENERATED,SD15,AI-GENERATED,99.7,0.3
81,AI-GENERATED,VQDM,AI-GENERATED,98.49,1.51
83,AI-GENERATED,Wukong,AI-GENERATED,76.53,23.47
85,AI-GENERATED,ADM,REAL,17.23,82.77
87,AI-GENERATED,BigGAN,REAL,17.38,82.62
89,AI-GENERATED,GLIDE,REAL,43.79,56.21
91,AI-GENERATED,Midjourney,REAL,0.04,99.96
93,AI-GENERATED,SD15,AI-GENERATED,95.34,4.66
95,AI-GENERATED,VQDM,AI-GENERATED,60.29,39.71
97,AI-GENERATED,Wukong,AI-GENERATED,98.65,1.35
99,AI-GENERATED,ADM,REAL,1.37,98.63
