filename,actual,spatial_prediction,spatial_ai_probability,frequency_prediction,frequency_ai_probability,hybrid_prediction,hybrid_ai_probability
IMG-20260425-WA0032.jpg,REAL,AI,100.0,REAL,49.0968,AI,100.0
IMG-20260425-WA0058.jpg,REAL,AI,100.0,REAL,48.6702,AI,100.0
IMG-20260506-WA0000.jpg,REAL,AI,100.0,AI,52.2367,AI,100.0
IMG-20260506-WA0001.jpg,REAL,AI,100.0,REAL,49.6911,AI,100.0
IMG-20260506-WA0024.jpg,REAL,AI,100.0,AI,50.1124,AI,100.0
IMG-20260506-WA0027.jpg,REAL,AI,100.0,REAL,48.9979,AI,100.0
IMG-20260524-WA0043.jpg,REAL,AI,100.0,AI,52.1207,AI,100.0
IMG-20260525-WA0012.jpg,REAL,AI,100.0,REAL,49.2303,AI,100.0
IMG-20260706-WA0019.jpg,REAL,AI,100.0,AI,50.3291,AI,100.0
IMG-20260926-WA0006(1).jpg,REAL,AI,100.0,REAL,49.1684,AI,100.0
IMG20260809145803.jpg,REAL,AI,100.0,REAL,47.1976,AI,100.0
IMG_20260401_111827.jpg,REAL,AI,100.0,REAL,48.7644,AI,100.0
IMG_20260401_111831.jpg,REAL,AI,100.0,REAL,47.852,AI,100.0
IMG_20260401_111848.jpg,REAL,AI,100.0,AI,50.9441,AI,100.0
IMG_20260401_111850_1.jpg,REAL,AI,100.0,REAL,48.8673,AI,100.0
IMG_20260401_111850_1~2.jpg,REAL,AI,100.0,REAL,48.8431,AI,100.0
IMG_20260403_082249.jpg,REAL,AI,100.0,AI,50.0151,AI,100.0
IMG_20260403_082258.jpg,REAL,AI,100.0,REAL,48.3017,AI,100.0
IMG_20260403_082311.jpg,REAL,AI,100.0,REAL,49.5563,AI,100.0
IMG_20260403_082312.jpg,REAL,AI,100.0,AI,50.4354,AI,100.0
IMG_20260403_082336.jpg,REAL,AI,100.0,AI,50.6921,AI,100.0
IMG_20260403_082342.jpg,REAL,AI,100.0,REAL,49.8815,AI,100.0
IMG_20260403_082349.jpg,REAL,AI,100.0,REAL,48.7131,AI,100.0
IMG_20260403_082849.jpg,REAL,AI,100.0,AI,50.0765,AI,100.0
IMG_20260403_082851.jpg,REAL,AI,100.0,REAL,48.3353,AI,100.0
IMG_20260403_082854.jpg,REAL,AI,100.0,AI,50.3068,AI,100.0
IMG_20260403_082922.jpg,REAL,AI,100.0,REAL,49.1855,AI,100.0
IMG_20260403_082926.jpg,REAL,AI,100.0,REAL,49.0161,AI,100.0
IMG_20260403_082936.jpg,REAL,AI,100.0,REAL,47.477,AI,100.0
IMG_20260403_082937.jpg,REAL,AI,100.0,REAL,48.2107,AI,100.0
IMG_20260403_083031.jpg,REAL,AI,100.0,AI,50.8772,AI,100.0
IMG_20260403_083036.jpg,REAL,AI,100.0,REAL,48.2351,AI,100.0
IMG_20260403_083038.jpg,REAL,AI,100.0,REAL,49.9688,AI,100.0
IMG_20260403_083039.jpg,REAL,AI,100.0,REAL,49.0682,AI,100.0
IMG_20260403_083041.jpg,REAL,AI,100.0,REAL,49.4565,AI,100.0
IMG_20260403_083123.jpg,REAL,AI,100.0,REAL,49.3426,AI,100.0
IMG_20260403_083125.jpg,REAL,AI,100.0,REAL,49.3129,AI,100.0
IMG_20260403_083131.jpg,REAL,AI,100.0,REAL,49.0373,AI,100.0
IMG_20260403_083135.jpg,REAL,AI,100.0,AI,50.1885,AI,100.0
IMG_20260403_083158.jpg,REAL,AI,100.0,REAL,49.3925,AI,100.0
IMG_20260403_083200.jpg,REAL,AI,100.0,REAL,48.3768,AI,100.0
IMG_20260403_083212.jpg,REAL,AI,100.0,REAL,49.7503,AI,100.0
IMG_20260403_083214.jpg,REAL,AI,100.0,REAL,49.1989,AI,100.0
IMG_20260425_092757~2.jpg,REAL,AI,100.0,REAL,46.5599,AI,100.0
IMG_20260526_093845.jpg,REAL,AI,100.0,REAL,47.8095,AI,100.0
IMG_20260829_204441.jpg,REAL,AI,100.0,REAL,48.7295,AI,100.0
IMG_20260829_204442.jpg,REAL,AI,100.0,REAL,49.7353,AI,100.0
IMG_20260927_081147.jpg,REAL,AI,100.0,REAL,48.0717,AI,100.0
IMG_20260927_081147~2.jpg,REAL,AI,100.0,REAL,46.5322,AI,100.0
1757585471389.jpg,AI,AI,100.0,AI,53.9622,AI,100.0
1757919161939.png,AI,AI,100.0,AI,68.2505,AI,100.0
IMG-20240704-WA0000.jpg,AI,AI,100.0,REAL,49.0534,AI,100.0
IMG-20240704-WA0011.jpg,AI,AI,100.0,AI,50.6355,AI,100.0
IMG-20240704-WA0012.jpg,AI,AI,100.0,REAL,49.9841,AI,100.0
IMG-20240704-WA0013.jpg,AI,AI,100.0,REAL,48.5207,AI,100.0
IMG-20240704-WA0014.jpg,AI,AI,100.0,REAL,47.2547,AI,100.0
IMG-20240705-WA0006.jpg,AI,AI,100.0,AI,51.6996,AI,100.0
IMG-20240706-WA0007.jpg,AI,AI,100.0,AI,50.7659,AI,100.0
IMG-20240709-WA0000.jpg,AI,AI,100.0,REAL,48.7812,AI,100.0
IMG-20240711-WA0002.jpg,AI,AI,100.0,REAL,47.8202,AI,100.0
IMG-20240712-WA0001.jpg,AI,AI,100.0,AI,51.3038,AI,100.0
IMG-20240713-WA0000.jpg,AI,AI,100.0,REAL,49.3639,AI,100.0
IMG-20240714-WA0014.jpg,AI,AI,100.0,AI,50.3524,AI,100.0
IMG-20240715-WA0001.jpg,AI,AI,100.0,REAL,49.5266,AI,100.0
IMG-20240719-WA0001.jpg,AI,AI,100.0,AI,51.194,AI,100.0
IMG-20250301-WA0074.jpg,AI,AI,100.0,REAL,48.1781,AI,100.0
IMG-20250424-WA0000.jpg,AI,AI,100.0,REAL,49.6383,AI,100.0
IMG-20250715-WA0022.jpg,AI,AI,100.0,REAL,49.2987,AI,100.0
IMG-20250812-WA0009.jpg,AI,AI,100.0,AI,51.1339,AI,100.0
IMG-20250826-WA0043.jpg,AI,AI,100.0,AI,51.1288,AI,100.0
IMG-20250826-WA0044.jpg,AI,AI,100.0,AI,53.222,AI,100.0
IMG-20250923-WA0016.jpg,AI,AI,100.0,AI,53.3381,AI,100.0
IMG-20251006-WA0003.jpg,AI,AI,100.0,REAL,48.1142,AI,100.0
IMG-20251012-WA0015.jpg,AI,AI,100.0,AI,53.2735,AI,100.0
IMG-20251014-WA0014.jpg,AI,AI,100.0,REAL,49.3559,AI,100.0
IMG-20251014-WA0015.jpg,AI,AI,100.0,AI,51.4671,AI,100.0
IMG-20251014-WA0019.jpg,AI,AI,100.0,AI,54.3141,AI,100.0
IMG-20251014-WA0020.jpg,AI,AI,100.0,AI,54.5232,AI,100.0
IMG-20251014-WA0033.jpg,AI,AI,100.0,AI,53.9273,AI,100.0
IMG-20260307-WA0015.jpg,AI,AI,100.0,AI,51.9529,AI,100.0
IMG-20260307-WA0019.jpg,AI,AI,100.0,REAL,49.7434,AI,100.0
IMG-20260326-WA0031.jpg,AI,AI,100.0,REAL,48.891,AI,100.0
IMG-20260603-WA0035.jpg,AI,AI,100.0,AI,50.0325,AI,100.0
IMG-20260722-WA0003.jpg,AI,AI,100.0,REAL,48.1167,AI,100.0
IMG-20260810-WA0024.jpg,AI,AI,100.0,AI,50.6772,AI,100.0
IMG-20260916-WA0017.jpg,AI,AI,100.0,REAL,49.5043,AI,100.0
