model,generator_raw,generator_name,N,tp,fn,recall,false_negative_rate,accuracy_with_real,precision_with_real,f1_with_real,balanced_accuracy_with_real,mean_ai_probability,median_ai_probability
V5-A Spatial,Stable_Diffusion_3,SD3,100,91,9,0.91,0.09,0.626,0.33829,0.493225,0.7325,0.890508,0.999803
V5-A Spatial,Midjourney_v6,Midjourney v6,100,73,27,0.73,0.27,0.59,0.290837,0.415954,0.6425,0.717642,0.985151
V5-A Spatial,DALL-E_3,DALL-E 3,100,79,21,0.79,0.21,0.602,0.307393,0.442577,0.6725,0.792714,0.998761
V5-A Spatial,Stable_Diffusion_XL,SDXL,100,74,26,0.74,0.26,0.592,0.293651,0.420455,0.6475,0.73176,0.98541
V5-B Frequency,Stable_Diffusion_3,SD3,100,17,83,0.17,0.83,0.742,0.269841,0.208589,0.5275,0.156995,0.000651
V5-B Frequency,Midjourney_v6,Midjourney v6,100,34,66,0.34,0.66,0.776,0.425,0.377778,0.6125,0.382808,0.261929
V5-B Frequency,DALL-E_3,DALL-E 3,100,28,72,0.28,0.72,0.764,0.378378,0.321839,0.5825,0.281858,0.03095
V5-B Frequency,Stable_Diffusion_XL,SDXL,100,9,91,0.09,0.91,0.726,0.163636,0.116129,0.4875,0.109379,0.000528
V5-C Hybrid,Stable_Diffusion_3,SD3,100,62,38,0.62,0.38,0.666,0.324607,0.426117,0.64875,0.621479,0.930494
V5-C Hybrid,Midjourney_v6,Midjourney v6,100,66,34,0.66,0.34,0.674,0.338462,0.447458,0.66875,0.658175,0.961477
V5-C Hybrid,DALL-E_3,DALL-E 3,100,65,35,0.65,0.35,0.672,0.335052,0.442177,0.66375,0.639684,0.973889
V5-C Hybrid,Stable_Diffusion_XL,SDXL,100,50,50,0.5,0.5,0.642,0.27933,0.358423,0.58875,0.49047,0.516291
V5-D Gated Residual,Stable_Diffusion_3,SD3,100,56,44,0.56,0.44,0.728,0.378378,0.451613,0.665,0.571967,0.688607
V5-D Gated Residual,Midjourney_v6,Midjourney v6,100,67,33,0.67,0.33,0.75,0.421384,0.517375,0.72,0.634314,0.842855
V5-D Gated Residual,DALL-E_3,DALL-E 3,100,47,53,0.47,0.53,0.71,0.338129,0.393305,0.62,0.477992,0.373007
V5-D Gated Residual,Stable_Diffusion_XL,SDXL,100,31,69,0.31,0.69,0.678,0.252033,0.278027,0.54,0.350577,0.151517
