model,evaluation_subset,N,TN,FP,FN,TP,accuracy,precision,recall_TPR,specificity_TNR,balanced_accuracy,FPR,FNR
V5-A Spatial,SD3 vs REAL (N=500),500,222,178,9,91,0.626,0.33829,0.91,0.555,0.7325,0.445,0.09
V5-A Spatial,Midjourney v6 vs REAL (N=500),500,222,178,27,73,0.59,0.290837,0.73,0.555,0.6425,0.445,0.27
V5-A Spatial,DALL-E 3 vs REAL (N=500),500,222,178,21,79,0.602,0.307393,0.79,0.555,0.6725,0.445,0.21
V5-A Spatial,SDXL vs REAL (N=500),500,222,178,26,74,0.592,0.293651,0.74,0.555,0.6475,0.445,0.26
V5-A Spatial,Overall Benchmark (N=800),800,222,178,83,317,0.67375,0.640404,0.7925,0.555,0.67375,0.445,0.2075
V5-A Spatial,REAL Photographs Only (N=400),400,222,178,0,0,0.555,0.0,0.0,0.555,0.555,0.445,0.0
V5-A Spatial,AI Subset Only (N=400),400,0,0,83,317,0.7925,1.0,0.7925,0.0,0.7925,0.0,0.2075
V5-B Frequency,SD3 vs REAL (N=500),500,354,46,83,17,0.742,0.269841,0.17,0.885,0.5275,0.115,0.83
V5-B Frequency,Midjourney v6 vs REAL (N=500),500,354,46,66,34,0.776,0.425,0.34,0.885,0.6125,0.115,0.66
V5-B Frequency,DALL-E 3 vs REAL (N=500),500,354,46,72,28,0.764,0.378378,0.28,0.885,0.5825,0.115,0.72
V5-B Frequency,SDXL vs REAL (N=500),500,354,46,91,9,0.726,0.163636,0.09,0.885,0.4875,0.115,0.91
V5-B Frequency,Overall Benchmark (N=800),800,354,46,312,88,0.5525,0.656716,0.22,0.885,0.5525,0.115,0.78
V5-B Frequency,REAL Photographs Only (N=400),400,354,46,0,0,0.885,0.0,0.0,0.885,0.885,0.115,0.0
V5-B Frequency,AI Subset Only (N=400),400,0,0,312,88,0.22,1.0,0.22,0.0,0.22,0.0,0.78
V5-C Hybrid,SD3 vs REAL (N=500),500,271,129,38,62,0.666,0.324607,0.62,0.6775,0.64875,0.3225,0.38
V5-C Hybrid,Midjourney v6 vs REAL (N=500),500,271,129,34,66,0.674,0.338462,0.66,0.6775,0.66875,0.3225,0.34
V5-C Hybrid,DALL-E 3 vs REAL (N=500),500,271,129,35,65,0.672,0.335052,0.65,0.6775,0.66375,0.3225,0.35
V5-C Hybrid,SDXL vs REAL (N=500),500,271,129,50,50,0.642,0.27933,0.5,0.6775,0.58875,0.3225,0.5
V5-C Hybrid,Overall Benchmark (N=800),800,271,129,157,243,0.6425,0.653226,0.6075,0.6775,0.6425,0.3225,0.3925
V5-C Hybrid,REAL Photographs Only (N=400),400,271,129,0,0,0.6775,0.0,0.0,0.6775,0.6775,0.3225,0.0
V5-C Hybrid,AI Subset Only (N=400),400,0,0,157,243,0.6075,1.0,0.6075,0.0,0.6075,0.0,0.3925
V5-D Gated Residual,SD3 vs REAL (N=500),500,308,92,44,56,0.728,0.378378,0.56,0.77,0.665,0.23,0.44
V5-D Gated Residual,Midjourney v6 vs REAL (N=500),500,308,92,33,67,0.75,0.421384,0.67,0.77,0.72,0.23,0.33
V5-D Gated Residual,DALL-E 3 vs REAL (N=500),500,308,92,53,47,0.71,0.338129,0.47,0.77,0.62,0.23,0.53
V5-D Gated Residual,SDXL vs REAL (N=500),500,308,92,69,31,0.678,0.252033,0.31,0.77,0.54,0.23,0.69
V5-D Gated Residual,Overall Benchmark (N=800),800,308,92,199,201,0.63625,0.686007,0.5025,0.77,0.63625,0.23,0.4975
V5-D Gated Residual,REAL Photographs Only (N=400),400,308,92,0,0,0.77,0.0,0.0,0.77,0.77,0.23,0.0
V5-D Gated Residual,AI Subset Only (N=400),400,0,0,199,201,0.5025,1.0,0.5025,0.0,0.5025,0.0,0.4975
