dataset_name,official_source,url,num_real,num_ai,real_image_source,ai_generators,generator_metadata_available,image_format,download_mechanism,approx_download_size,license,commercial_research_restrictions,individual_files_downloadable,metadata_downloadable_separately,hashes_computable_locally,cifake_overlap_risk,tiny_genimage_overlap_risk,sd_relationship,midjourney_relationship,dalle_relationship,v4_manipulation_relationship,leakage_risk_classification,overall_suitability_score,recommendation_status
Defactify_Image_Dataset (MS COCOAI),Rajarshi-Roy-research / AAAI 2026,https://huggingface.co/datasets/Rajarshi-Roy-research/Defactify_Image_Dataset,48000,48000,MS COCO (2017),"SD 2.1, SDXL, SD 3, DALL-E 3, Midjourney v6",Yes (Label_B column 0-4 + Caption),Embedded PNG/JPEG in Parquet,HuggingFace Datasets API / direct Parquet HTTP,679 MB (Val split: 9k images) / 7.5 GB total,Apache 2.0 / Open Research,Permitted for research,Yes (individual partition parquets ~340MB),Yes (parquet schema/metadata readable without decoding),Yes (direct extraction SHA-256/pHash),None (MS COCO vs CIFAR-10),None (MS COCO vs ImageNet-1K),Modern unseen SD 2.1 / SDXL / SD 3,Modern unseen Midjourney v6,Modern unseen DALL-E 3,Shared parent pool (MS COCO) with MagicBrush/PIPE/PIE-Bench; requires hash dedup,GREEN,9.4/10,RECOMMENDED_PRIMARY
AIGIBench,HorizonTEL / NeurIPS 2025,https://huggingface.co/datasets/HorizonTEL/AIGIBench,>50000,>50000,Social media & curated benchmark reals,"FLUX.1-dev, SD3, SDXL, DALL-E 3, Midjourney v6, Imagen 3, CommunityAI, SocialRF, StyleGAN3, ProGAN, etc.",Yes (partitioned by generator folder),Standard PNG/JPEG files,Direct HTTPS zip downloads from HuggingFace LFS,2.2 GB - 9.6 GB per generator zip (>150 GB total),CC-BY-NC-SA 4.0,Non-commercial research only,Yes (by generator zip, e.g. test/DALLE-3.zip),Yes (directory structure and file list on GitHub),Yes (standard image files),None,Setting-II train overlaps with GenImage; test sets are independently crawled/generated,Unseen modern SD3 / SDXL,Unseen modern Midjourney v6,Unseen modern DALL-E 3,Separate whole-image generation focus,GREEN,8.8/10,RANK_2_SECONDARY
SynthBuster,Quentin Bammey / IEEE OJSP 2024,https://zenodo.org/records/10043811,1000,9000,RAISE-1k (Nikon D90/D7000/D40 raw originals),"DALL-E 2, DALL-E 3, Adobe Firefly, Midjourney v5, SD 1.3, SD 1.4, SD 2, SD-XL, GLIDE",Yes (folder per model + prompt mapping),PNG,Zenodo multi-zip download,~10 GB total (Zenodo) + RAISE archive,CC-BY 4.0,Open academic research,Yes (individual model zips on Zenodo),Yes (Zenodo record metadata),Yes (standard PNGs),None,None,Covers SD 1.3/1.4/2/XL,Covers Midjourney v5,Covers DALL-E 2/3,None (RAISE was never downloaded in AIDetect),YELLOW,8.2/10,RANK_3_VIABLE_WITH_RESTRICTIONS
UniversalFakeDetect (UnivFD Diffusion),Ojha et al. / CVPR 2023,https://github.com/WisconsinAIVision/UniversalFakeDetect,1000 per domain,1000 per domain,LAION / ImageNet / LSUN Bedroom,"LDM-200, GLIDE, Guided Diffusion (ADM), 11 GANs",Yes (subfolder per model),JPEG/PNG,Google Drive links from GitHub README,~1.5 GB per domain archive,BSD-2-Clause,Open research,Yes (domain archive zips),Yes (GitHub repo README),Yes (standard image files),None,Uses ImageNet-1K (potential overlap with Tiny-GenImage),Older 2022 LDM diffusion,None,None,ImageNet/LAION overlap,YELLOW,7.4/10,RANK_4_OUTDATED_GENERATORS
ArtiFact,Rahman et al. / IEEE ICIP 2023,https://www.kaggle.com/datasets/awsaf49/artifact-dataset,964989,1531749,"FFHQ, CelebA, ImageNet, COCO, AFHQ, Landscapes",25 generators (StyleGAN1-3, ProGAN, BigGAN, DDPM, SD, Midjourney, DALL-E 2),Yes (nested folders and CSV metadata),JPEG/PNG,Kaggle dataset API / HuggingFace monolithic zip,29.56 GB monolithic zip,Open Academic Research,Research only,No (monolithic 30GB zip),Yes (Kaggle metadata CSV),Yes (standard files),None,High (ImageNet and FFHQ used in V4),Mixed SD versions,Covers older Midjourney,Covers DALL-E 2,High (COCO and FFHQ used in previous phases),YELLOW,6.8/10,RANK_5_TOO_LARGE_AND_OVERLAPPING
GenImage++,Lunahera / NeurIPS 2025,https://huggingface.co/datasets/Lunahera/genimagepp,0,>100000,None included (requires separate ImageNet-1K),"FLUX.1, SD 3, SDXL, SD 1.5, Amateur LoRA",Yes (JSON prompt files),PNG in .tar.zst archives,Multi-part .tar.zst on HuggingFace,~15 GB total,CC-BY-NC 4.0,Non-commercial research,Yes (multi-part archives),Yes (prompt JSONs),Yes,None,High parent overlap (GenImage prompt philosophy),Covers SD 1.5/3/XL,None,None,ImageNet prompt overlap,RED,4.5/10,REJECT_NO_REAL_IMAGES
TheKernel01/AIGC-Detection-Benchmark,TheKernel01 / HuggingFace,https://huggingface.co/datasets/TheKernel01/AIGC-Detection-Benchmark,62513,62513,ImageNet-1K,"17 models: ADM, BigGAN, CycleGAN, DALLE2, GauGAN, GLIDE, Midjourney, ProGAN, SD14, SD15, SDXL, StarGAN, StyleGAN, StyleGAN2, VQDM, Wukong",Yes (class_label 0-17),Embedded image in Parquet,60 Parquet files on HuggingFace,32.0 GB across 60 Parquets,Apache 2.0,Open research,No (each parquet ~533MB, requires downloading multiple),Yes (HuggingFace API),Yes,None,CRITICAL (Compiled by same author as Tiny-GenImage from GenImage),Covers SD 1.4/1.5/XL,Covers Midjourney,Covers DALL-E 2,High ImageNet overlap,RED,3.8/10,REJECT_DIRECT_TINY_GENIMAGE_PARENT_LEAKAGE
GenImage (Full),Wang et al. / NeurIPS 2023,https://github.com/GenImage-Dataset/GenImage,>600000,>600000,ImageNet-1K,"8 generators: BigGAN, VQDM, GLIDE, SD 1.4, SD 1.5, ADM, Midjourney, Wukong",Yes (folder per model),JPEG/PNG,Baidu Netdisk / OpenDataLab / Google Drive,>100 GB,Academic Research,Research only,Yes (by generator folder),Yes,Yes,None,CRITICAL (Tiny-GenImage is a direct subset of GenImage),Covers SD 1.4/1.5,Covers Midjourney v5,None,Direct parent of V5 Tiny-GenImage training shards,RED,3.5/10,REJECT_DIRECT_V5_TRAINING_PARENT
Chameleon,Yan et al. / ICLR 2025,https://github.com/shilinyan99/AIDE,~13000,~13000,Flickr / Web photos,"Midjourney, DALL-E 3, SDXL, Stable Diffusion",Partial,JPEG/PNG,Restricted: email request to maintainer (tattoo.ysl@gmail.com),Unknown (~5-10 GB),Academic Research,Non-commercial research,No,No,Yes,None,Unknown,Covers modern SD,Covers modern Midjourney,Covers DALL-E 3,Unknown,RED,2.0/10,REJECT_RESTRICTED_MAINTAINER_GATE
DiffusionForensics (DIRE),Wang et al. / CVPR 2023,https://github.com/ZhendongWang6/DIRE,~10000,~30000,"ImageNet, CelebA-HQ, LSUN-Bedrooms","ADM, DDPM, IDDPM, LDM, PNDM, SD-v1.4, StyleGAN, Projected GAN",Yes (subfolder per model),PNG/JPEG,Baidu Netdisk and RecDrive (password protected),~15 GB,Academic Research,Research only,No (Baidu password gate),Yes (GitHub code only),Yes,None,Moderate (ImageNet-1K overlap),Older SD 1.4,None,None,ImageNet and CelebA overlap,RED,3.0/10,REJECT_INACCESSIBLE_BAIDU_PASSWORD_GATE
WildFake,Pan et al. / AAAI 2025,https://github.com/hy-zpg/AIGC-Image-Detection-Dataset,~50000,~50000,Web crawl,"Hierarchical GANs, Diffusion, Commercial tools",Yes,JPEG/PNG,ModelScope CLI (Alibaba Cloud),~25 GB,Academic Research,Research only,No,Yes,Yes,None,Unknown,Multi-model diffusion,Commercial tools,Commercial tools,Unknown,YELLOW,6.0/10,REJECT_MODELSCOPE_PLATFORM_RESTRICTION

