filename,width,height,aspect_ratio,format,spatial_gate,frequency_gate,residual_gate,raw_ai,calibrated_ai,prediction,confidence,spatial_ablation_ai,frequency_ablation_ai,residual_ablation_ai,exif_orientation,image_mode,file_size_bytes,strategy_e_label,known_real_false_positive,crop_production_center_raw_ai,crop_production_center_calibrated_ai,crop_production_center_prediction,crop_top_raw_ai,crop_top_calibrated_ai,crop_top_prediction,crop_bottom_raw_ai,crop_bottom_calibrated_ai,crop_bottom_prediction,crop_left_raw_ai,crop_left_calibrated_ai,crop_left_prediction,crop_right_raw_ai,crop_right_calibrated_ai,crop_right_prediction,crop_calibrated_ai_range
011.jpg,9000,3600,2.5,JPEG,0.4407,0.4469,0.4608,99.99,98.85,AI-GENERATED,98.85,72.21,98.47,97.77,1,RGB,19786608,AI_GENERATED,True,99.99,98.85,AI-GENERATED,99.98965263366699,98.48,AI-GENERATED,99.99104738235474,98.58,AI-GENERATED,99.90346431732178,95.92,AI-GENERATED,99.47336912155151,91.56,AI-GENERATED,7.289999999999992
024dafa7ae0b404d823d3cd39c2aa4c1.jpg,461,1000,0.461,JPEG,0.4419,0.447,0.4589,100.0,99.12,AI-GENERATED,99.12,81.26,98.89,97.0,,RGB,56564,UNCERTAIN,True,100.0,99.12,AI-GENERATED,99.99306201934814,98.73,AI-GENERATED,69.4674015045166,59.24,AI-GENERATED,99.9900221824646,98.51,AI-GENERATED,99.99874830245972,99.41,AI-GENERATED,40.169999999999995
04748978e9324fdd8dfd05baaee8a431.jpg,1280,960,1.3333333333333333,JPEG,0.4442,0.4476,0.4578,99.81,94.49,AI-GENERATED,94.49,68.37,90.76,93.25,,RGB,244955,UNCERTAIN,True,99.81,94.49,AI-GENERATED,99.90702271461487,95.99,AI-GENERATED,99.82573390007019,94.73,AI-GENERATED,99.74992871284485,93.84,AI-GENERATED,99.83148574829102,94.8,AI-GENERATED,2.1499999999999915
06eb4b3f354b4ed4a47cc4987b286227.jpg,810,1080,0.75,JPEG,0.483,0.4685,0.4232,65.26,57.12,AI-GENERATED,57.12,39.84,65.13,58.85,,RGB,88873,UNCERTAIN,True,65.26,57.12,AI-GENERATED,2.3203181102871895,15.43,REAL,89.54293727874756,72.65,AI-GENERATED,63.02567720413208,56.04,AI-GENERATED,54.59304451942444,52.09,AI-GENERATED,57.220000000000006
08a8f25b6dfb4912aaa0fd423aa87144.jpg,1080,810,1.3333333333333333,JPEG,0.5136,0.5036,0.4268,0.02,2.03,REAL,97.97,10.48,5.98,5.42,,RGB,61271,UNCERTAIN,False,0.02,2.03,REAL,0.04835735890083015,3.01,REAL,0.04217762325424701,2.83,REAL,0.08140141144394875,3.79,REAL,0.059367873473092914,3.3,REAL,1.7600000000000002
09a970f9a1594334ae4a975f5d9c412a.jpg,575,1280,0.44921875,JPEG,0.4947,0.4839,0.4267,11.2,28.05,REAL,71.95,25.86,44.05,35.56,,RGB,49731,AI_GENERATED,False,11.2,28.05,REAL,6.424827128648758,22.82,REAL,0.14790173154324293,4.91,REAL,77.29642987251282,63.58,AI-GENERATED,3.4080136567354202,17.93,REAL,58.67
0d79e5ee396c470284363a8ee814ac73.jpg,475,639,0.7433489827856025,JPEG,0.5106,0.5044,0.4283,0.01,1.44,REAL,98.56,16.77,3.71,2.65,,RGB,164671,REAL_ORIGINAL,False,0.01,1.44,REAL,0.010768164065666497,1.54,REAL,0.03571088018361479,2.63,REAL,0.0362510239938274,2.65,REAL,0.010589991870801896,1.53,REAL,1.21
0da889f0caae4b3e8eee58d219b1afd2.jpg,701,1080,0.649074074074074,JPEG,0.5097,0.5005,0.4211,0.07,3.54,REAL,96.46,20.13,8.15,5.65,,RGB,51892,UNCERTAIN,False,0.07,3.54,REAL,30.16013205051422,40.57,REAL,0.16534865135326982,5.15,REAL,0.2863360568881035,6.52,REAL,0.13479026965796947,4.72,REAL,37.03
0e29840b427a0b28be1ea2c04fe1eb9f.jpg,736,1626,0.45264452644526443,JPEG,0.4504,0.4558,0.4534,99.82,94.62,AI-GENERATED,94.62,63.68,93.73,92.17,,RGB,174519,AI_GENERATED,True,99.82,94.62,AI-GENERATED,98.17388653755188,85.97,AI-GENERATED,65.01080393791199,57.0,AI-GENERATED,99.50809478759766,91.8,AI-GENERATED,99.57839846611023,92.31,AI-GENERATED,37.620000000000005
144807ded4244592a12f358fc970cdf8.jpg,972,1296,0.75,JPEG,0.4538,0.4532,0.449,99.38,90.99,AI-GENERATED,90.99,68.78,88.34,85.88,,RGB,136262,AI_GENERATED,True,99.38,90.99,AI-GENERATED,27.738898992538452,39.28,REAL,99.81858134269714,94.64,AI-GENERATED,99.77942705154419,94.17,AI-GENERATED,99.76182579994202,93.97,AI-GENERATED,55.36
14c233c476cd4b9f91f3565e8d11834d.jpg,777,1024,0.7587890625,JPEG,0.5131,0.5054,0.4297,0.0,0.44,REAL,99.56,6.53,1.45,1.87,,RGB,83075,REAL_ORIGINAL,False,0.0,0.44,REAL,0.0004293761321605416,0.36,REAL,0.00016782214515842497,0.24,REAL,6.198894197950722e-05,0.15,REAL,0.0001624738501959655,0.23,REAL,0.29000000000000004
14c5c69b2aab71185e9fef9fe8f816fe.jpg,736,923,0.7973997833152763,JPEG,0.4452,0.4501,0.4573,99.93,96.38,AI-GENERATED,96.38,66.36,95.58,94.32,,RGB,78880,UNCERTAIN,True,99.93,96.38,AI-GENERATED,99.81158971786499,94.55,AI-GENERATED,98.9140510559082,88.62,AI-GENERATED,99.98119473457336,98.02,AI-GENERATED,99.96168613433838,97.28,AI-GENERATED,9.399999999999991
1a2290a938164994a4f25c896b639f84.jpg,1080,1013,1.0661401776900297,JPEG,0.4746,0.4659,0.4301,70.6,59.83,AI-GENERATED,59.83,45.91,63.6,59.85,,RGB,65095,UNCERTAIN,True,70.6,59.83,AI-GENERATED,84.62437987327576,68.48,AI-GENERATED,68.18488240242004,58.58,AI-GENERATED,12.63083815574646,29.32,REAL,88.45657110214233,71.63,AI-GENERATED,42.309999999999995
1a6d5c673a10493bb0aafaa441bd58f4.jpg,670,1080,0.6203703703703703,JPEG,0.4995,0.4864,0.4221,3.9,18.87,REAL,81.13,15.58,48.97,23.35,,RGB,52045,UNCERTAIN,False,3.9,18.87,REAL,0.06314528873190284,3.39,REAL,1.1626138351857662,11.7,REAL,2.622699737548828,16.19,REAL,2.3298608139157295,15.46,REAL,15.48
1b07fe61e770428492ad3b9797aeecfc.jpg,780,1040,0.75,JPEG,0.4657,0.4605,0.43,94.91,79.09,AI-GENERATED,79.09,57.39,79.97,72.62,,RGB,497342,AI_GENERATED,True,94.91,79.09,AI-GENERATED,29.845163226127625,40.4,REAL,84.96322631835938,68.73,AI-GENERATED,98.22154641151428,86.11,AI-GENERATED,94.59254741668701,78.61,AI-GENERATED,45.71
1d6350556f6c40598e251ee7faa01e99.jpg,1080,810,1.3333333333333333,JPEG,0.4594,0.4523,0.437,99.56,92.16,AI-GENERATED,92.16,62.98,91.93,87.67,,RGB,81223,UNCERTAIN,True,99.56,92.16,AI-GENERATED,99.16187524795532,89.76,AI-GENERATED,97.42703437805176,83.93,AI-GENERATED,87.63269186019897,70.9,AI-GENERATED,95.2483594417572,79.64,AI-GENERATED,21.25999999999999
1edbc88c300045f68336a3f0f04c57e1.jpg,1200,1600,0.75,JPEG,0.4873,0.4741,0.42,69.17,59.09,AI-GENERATED,59.09,49.31,64.1,54.48,,RGB,278649,UNCERTAIN,True,69.17,59.09,AI-GENERATED,6.79691880941391,23.31,REAL,19.04173046350479,34.11,REAL,42.88126230239868,46.74,REAL,91.16048812866211,74.3,AI-GENERATED,50.989999999999995
1f748bb499504c00981b6efd1a823893.jpg,810,1080,0.75,JPEG,0.4887,0.477,0.4197,2.89,16.81,REAL,83.19,22.95,26.78,27.19,,RGB,65801,UNCERTAIN,False,2.89,16.81,REAL,99.23800230026245,90.16,AI-GENERATED,0.6033888086676598,8.93,REAL,11.362635344266891,28.2,REAL,29.131418466567993,40.03,REAL,81.22999999999999
24bc85dd3f264d478191afdceec1af80.jpg,486,1080,0.45,JPEG,0.4814,0.477,0.4238,1.76,13.84,REAL,86.16,18.71,26.11,24.03,,RGB,34056,UNCERTAIN,False,1.76,13.84,REAL,0.22707213647663593,5.91,REAL,0.010041672794613987,1.5,REAL,39.97076749801636,45.39,REAL,0.4478135611861944,7.88,REAL,43.89
29f4964e6d404bbcbdc5ee1f40edba84.jpg,1200,1600,0.75,JPEG,0.5097,0.5013,0.427,0.06,3.38,REAL,96.62,11.72,9.79,7.8,,RGB,134470,REAL_ORIGINAL,False,0.06,3.38,REAL,0.8783027529716492,10.43,REAL,0.011517342500155792,1.59,REAL,0.04604063869919628,2.95,REAL,0.06941446918062866,3.53,REAL,8.84
2b090e22498c472ab366d9c3117a2df0.jpg,1280,960,1.3333333333333333,JPEG,0.5162,0.5062,0.4252,0.02,2.02,REAL,97.98,8.39,8.13,4.96,,RGB,167768,REAL_ORIGINAL,False,0.02,2.02,REAL,0.026709979283623397,2.31,REAL,0.031025891075842083,2.47,REAL,0.0643707113340497,3.41,REAL,0.018988954252563417,1.99,REAL,1.4200000000000002
2b2e0eb9dfb65cde2f8c4d54a31096e1.jpg,640,1280,0.5,JPEG,0.4782,0.4753,0.4186,2.86,16.74,REAL,83.26,23.55,30.6,22.89,,RGB,35613,UNCERTAIN,False,2.86,16.74,REAL,0.5250422284007072,8.43,REAL,62.13608980178833,55.61,AI-GENERATED,8.22022333741188,25.02,REAL,7.696511596441269,24.41,REAL,47.18
2da6fd9329e64de28cc324d37e2ca674.jpg,1042,1280,0.8140625,JPEG,0.4878,0.4812,0.4231,0.25,6.11,REAL,93.89,16.1,18.41,8.89,,RGB,88480,UNCERTAIN,False,0.25,6.11,REAL,0.013883205247111619,1.73,REAL,0.15855528181418777,5.06,REAL,0.2972900401800871,6.63,REAL,0.16437857411801815,5.14,REAL,4.9
2ec01dcb5af5471ca689e539c73a8ff5.jpg,900,1600,0.5625,JPEG,0.5141,0.5033,0.4332,0.02,2.03,REAL,97.97,14.46,7.03,3.25,,RGB,76200,UNCERTAIN,False,0.02,2.03,REAL,0.16786771593615413,5.19,REAL,0.0030696923204232007,0.88,REAL,0.02175037661800161,2.11,REAL,0.021391241170931607,2.1,REAL,4.3100000000000005
2f41b4bd9e8d453c807f78805875bcdd.jpg,485,1080,0.44907407407407407,JPEG,0.4785,0.4702,0.4232,20.08,34.79,REAL,65.21,26.06,57.07,37.71,,RGB,32033,UNCERTAIN,False,20.08,34.79,REAL,10.451024770736694,27.35,REAL,19.48990523815155,34.41,REAL,10.692108422517776,27.58,REAL,49.55653250217438,49.8,REAL,22.449999999999996
3690569bc9d24e76b4919142948c62f1.jpg,486,1080,0.45,JPEG,0.4824,0.4793,0.4242,2.46,15.8,REAL,84.2,21.83,29.3,23.26,,RGB,34449,AI_GENERATED,False,2.46,15.8,REAL,0.1598988426849246,5.08,REAL,0.15070086810737848,4.95,REAL,3.6632899194955826,18.43,REAL,10.778695344924927,27.66,REAL,22.71
3b8251a7b9b64dbe8009ed1905946775.jpg,590,1280,0.4609375,JPEG,0.4726,0.4625,0.4281,83.55,67.68,AI-GENERATED,67.68,42.23,73.06,68.8,,RGB,171183,UNCERTAIN,True,83.55,67.68,AI-GENERATED,0.08851223392412066,3.93,REAL,31.6866397857666,41.35,REAL,89.00309801101685,72.14,AI-GENERATED,91.1256492137909,74.26,AI-GENERATED,70.33
3de469c76b7449e297c34c3d8e502a4b.jpg,465,1032,0.45058139534883723,JPEG,0.5042,0.4985,0.4293,0.02,2.19,REAL,97.81,7.78,8.55,5.96,,RGB,32015,REAL_ORIGINAL,False,0.02,2.19,REAL,0.009886082261800766,1.49,REAL,0.0438301038229838,2.88,REAL,0.03043685865122825,2.45,REAL,0.11320129269734025,4.37,REAL,2.88
3defa5ab71632b628a352bf142780fc3.jpg,511,630,0.8111111111111111,JPEG,0.5124,0.502,0.4235,0.08,3.76,REAL,96.24,13.21,14.43,5.61,,RGB,75023,UNCERTAIN,False,0.08,3.76,REAL,0.005657303336192854,1.16,REAL,0.02173652610508725,2.11,REAL,0.13013118878006935,4.65,REAL,0.46838046982884407,8.03,REAL,6.869999999999999
42309f02156a4830af5bd983108a7464.jpg,485,1080,0.44907407407407407,JPEG,0.4987,0.4902,0.4286,0.65,9.22,REAL,90.78,25.69,15.8,13.68,,RGB,17976,UNCERTAIN,False,0.65,9.22,REAL,4.266342148184776,19.54,REAL,35.60588359832764,43.3,REAL,0.9686815552413464,10.86,REAL,1.8675636500120163,14.16,REAL,34.08
4c879e0dce404fb6ac5a768a7a96c62c.jpg,474,1080,0.4388888888888889,JPEG,0.5152,0.5076,0.4234,0.0,0.66,REAL,99.34,10.25,3.26,1.12,,RGB,33629,REAL_ORIGINAL,False,0.0,0.66,REAL,13.455726206302643,30.01,REAL,99.98230338096619,98.07,AI-GENERATED,0.002392070382484235,0.78,REAL,0.002119297096214723,0.74,REAL,97.41
4e3bcc7e5e434e27a3ac7643d964e73d.jpg,651,1080,0.6027777777777777,JPEG,0.4678,0.4636,0.4343,99.25,90.23,AI-GENERATED,90.23,52.67,90.78,88.58,,RGB,62163,UNCERTAIN,True,99.25,90.23,AI-GENERATED,31.883257627487183,41.45,REAL,58.63164663314819,53.96,AI-GENERATED,99.84367489814758,94.97,AI-GENERATED,99.92018342018127,96.25,AI-GENERATED,54.8
4eb98df16a174f9b88c14a540aa9a68c.jpg,474,1080,0.4388888888888889,JPEG,0.4951,0.4801,0.4185,26.92,38.84,REAL,61.16,24.74,58.25,46.7,,RGB,33395,UNCERTAIN,False,26.92,38.84,REAL,42.54768192768097,46.59,REAL,95.05307674407959,79.32,AI-GENERATED,93.3014452457428,76.82,AI-GENERATED,88.26690912246704,71.46,AI-GENERATED,40.47999999999999
585770ad54654c4ea1fc42df76a0f3fa.jpg,474,1080,0.4388888888888889,JPEG,0.5145,0.5028,0.4272,0.01,1.53,REAL,98.47,9.09,9.32,2.27,,RGB,25554,REAL_ORIGINAL,False,0.01,1.53,REAL,0.0212974424357526,2.09,REAL,99.9743402004242,97.73,AI-GENERATED,0.004874548540101387,1.08,REAL,0.005389491343521513,1.13,REAL,96.65
5a7bc959910545ea9eabf2db731e3811.jpg,777,1024,0.7587890625,JPEG,0.513,0.5038,0.417,0.02,1.99,REAL,98.01,6.73,5.2,9.4,,RGB,109309,UNCERTAIN,False,0.02,1.99,REAL,0.263926200568676,6.3,REAL,0.45867692679166794,7.96,REAL,0.10714108357205987,4.27,REAL,0.011872626055264845,1.61,REAL,6.35
5bd9038b7aca48dca06a4ca78c632d4a.jpg,960,1280,0.75,JPEG,0.5193,0.506,0.4222,0.0,0.89,REAL,99.11,7.78,2.62,3.39,,RGB,110384,UNCERTAIN,False,0.0,0.89,REAL,0.0017569051124155521,0.68,REAL,0.002537813088565599,0.81,REAL,0.00234479575738078,0.78,REAL,0.002189315091527533,0.75,REAL,0.20999999999999996
5c8dc1f1221f43628e3985a0fa60f897.jpg,480,960,0.5,JPEG,0.513,0.5045,0.4349,0.02,1.86,REAL,98.14,12.31,6.23,3.69,,RGB,54709,UNCERTAIN,False,0.02,1.86,REAL,0.007542069215560332,1.32,REAL,0.004511991937761195,1.04,REAL,0.02655979769770056,2.31,REAL,0.036471185740083456,2.66,REAL,1.62
5fa43eb98bff48088ec08351d01fbba2.jpg,607,1080,0.562037037037037,JPEG,0.4956,0.4862,0.424,1.51,13.0,REAL,87.0,15.82,34.21,18.54,,RGB,42684,UNCERTAIN,False,1.51,13.0,REAL,0.017244243645109236,1.9,REAL,0.08969572954811156,3.95,REAL,1.954585500061512,14.42,REAL,1.575610227882862,13.23,REAL,12.52
6656342aa636474f915cb5fbfe6c4af3.jpg,486,1080,0.45,JPEG,0.5112,0.5043,0.4345,0.01,1.31,REAL,98.69,9.77,5.88,2.52,,RGB,22633,REAL_ORIGINAL,False,0.01,1.31,REAL,0.1302089774981141,4.65,REAL,0.031224320991896093,2.48,REAL,0.007313583046197891,1.3,REAL,0.007663212454644963,1.32,REAL,3.3500000000000005
6b197ded6366446bbf3239dc80213886.jpg,960,1280,0.75,JPEG,0.5151,0.5046,0.4284,0.0,0.95,REAL,99.05,8.71,3.04,2.99,,RGB,173432,REAL_ORIGINAL,False,0.0,0.95,REAL,0.028495962033048272,2.38,REAL,0.006103917257860303,1.2,REAL,0.006116153235780075,1.2,REAL,0.0072566930612083524,1.29,REAL,1.43
6ed72b92d807481da84fc9a5c157d104.jpg,504,772,0.6528497409326425,JPEG,0.47,0.4606,0.4359,90.39,73.49,AI-GENERATED,73.49,55.18,73.11,69.59,,RGB,60471,UNCERTAIN,True,90.39,73.49,AI-GENERATED,70.11488676071167,59.58,AI-GENERATED,70.00976800918579,59.52,AI-GENERATED,97.48227596282959,84.07,AI-GENERATED,96.24634385108948,81.39,AI-GENERATED,24.54999999999999
7229472ebc6f473c89d36e68dc1b8b37.jpg,670,1191,0.5625524769101595,JPEG,0.5086,0.5038,0.4304,0.09,3.96,REAL,96.04,14.39,10.41,7.97,,RGB,51620,AI_MANIPULATED,False,0.09,3.96,REAL,0.8258363232016563,10.17,REAL,82.58764743804932,67.0,AI-GENERATED,0.2548625227063894,6.21,REAL,0.2373567083850503,6.02,REAL,63.04
7fd6831b74574ac1a9b0ebed1bfc57f3.jpg,486,1080,0.45,JPEG,0.4673,0.4618,0.4221,27.32,39.05,REAL,60.95,31.57,49.33,47.68,,RGB,19888,UNCERTAIN,False,27.32,39.05,REAL,78.05434465408325,64.04,AI-GENERATED,49.862390756607056,49.94,REAL,4.806535691022873,20.45,REAL,39.43251669406891,45.13,REAL,43.59
8d0784ac18904478825ca00b917eafb5.jpg,578,1280,0.4515625,JPEG,0.4661,0.4644,0.4418,88.2,71.4,AI-GENERATED,71.4,53.71,69.28,70.35,,RGB,106203,AI_GENERATED,True,88.2,71.4,AI-GENERATED,0.28607938438653946,6.52,REAL,45.413291454315186,47.91,REAL,87.9858672618866,71.21,AI-GENERATED,91.55278205871582,74.73,AI-GENERATED,68.21000000000001
8d78f0a01985490a9fb1046ae0aebd62.jpg,720,1600,0.45,JPEG,0.4827,0.4731,0.4229,12.18,28.94,REAL,71.06,34.7,37.79,33.85,,RGB,211804,UNCERTAIN,False,12.18,28.94,REAL,0.9199142456054688,10.64,REAL,0.5345476791262627,8.49,REAL,14.029334485530853,30.48,REAL,14.11656141281128,30.55,REAL,22.060000000000002
8ee671f495784227ab03edda27e7faf3.jpg,720,980,0.7346938775510204,JPEG,0.512,0.5034,0.4278,0.08,3.76,REAL,96.24,14.16,9.2,8.36,,RGB,76593,REAL_ORIGINAL,False,0.08,3.76,REAL,0.01535480550955981,1.81,REAL,0.03854768583551049,2.72,REAL,0.07088332786224782,3.56,REAL,0.15752279432490468,5.05,REAL,3.2399999999999998
8f744ab66af18bae42d221d1499327e1.jpg,723,1024,0.7060546875,JPEG,0.4475,0.4568,0.4598,99.97,97.74,AI-GENERATED,97.74,88.63,94.49,93.29,,RGB,117413,UNCERTAIN,True,99.97,97.74,AI-GENERATED,99.69295859336853,93.28,AI-GENERATED,99.96203184127808,97.29,AI-GENERATED,99.95527863502502,97.09,AI-GENERATED,99.96607303619385,97.43,AI-GENERATED,4.459999999999994
8fc13fd054924c01bb55bdc8bb98d683.jpg,616,1080,0.5703703703703704,JPEG,0.4671,0.4622,0.4365,98.5,87.04,AI-GENERATED,87.04,61.21,84.0,84.44,,RGB,60392,AI_GENERATED,True,98.5,87.04,AI-GENERATED,0.011412707681301981,1.58,REAL,91.67858362197876,74.87,AI-GENERATED,46.402668952941895,48.36,REAL,98.39460253715515,86.67,AI-GENERATED,85.46000000000001
9abd5f4e18a342a49ed3a68bcb9f6e0d.jpg,474,1080,0.4388888888888889,JPEG,0.513,0.5025,0.4292,0.01,1.14,REAL,98.86,10.04,4.16,2.67,,RGB,30056,REAL_ORIGINAL,False,0.01,1.14,REAL,66.6621744632721,57.82,AI-GENERATED,0.6330661009997129,9.11,REAL,0.00787471144576557,1.34,REAL,0.0022859192540636286,0.77,REAL,57.05
9b34fabc3f51465cb481ecd120c94c12.jpg,474,1080,0.4388888888888889,JPEG,0.5099,0.502,0.4322,0.0,1.02,REAL,98.98,6.17,5.13,2.9,,RGB,24561,REAL_ORIGINAL,False,0.0,1.02,REAL,1.9101101905107498,14.29,REAL,5.375522002577782,21.34,REAL,0.004567840733216144,1.05,REAL,0.002614370532683097,0.82,REAL,20.52
9b34fabc3f51465cb481ecd120c94c12~2.jpg,474,705,0.6723404255319149,JPEG,0.5085,0.5006,0.4309,0.01,1.23,REAL,98.77,7.65,4.63,3.71,1,RGB,42440,REAL_ORIGINAL,False,0.01,1.23,REAL,0.0067847780883312225,1.25,REAL,0.06336140213534236,3.39,REAL,0.008702932973392308,1.4,REAL,0.0036561701563186944,0.95,REAL,2.4400000000000004
9d483582dc284674a0730e859efc385a.jpg,810,1080,0.75,JPEG,0.5135,0.5029,0.424,0.02,2.08,REAL,97.92,13.57,6.75,3.82,,RGB,74980,UNCERTAIN,False,0.02,2.08,REAL,0.008180169243132696,1.36,REAL,0.3012907924130559,6.67,REAL,0.038492714520543814,2.72,REAL,0.03886832855641842,2.73,REAL,5.31
9e3f09a4bc564ba89da7c06f57c2870d.jpg,514,1080,0.4759259259259259,JPEG,0.5,0.4908,0.4259,0.96,10.83,REAL,89.17,15.32,24.94,19.65,,RGB,41162,UNCERTAIN,False,0.96,10.83,REAL,0.4881276283413172,8.18,REAL,0.009281618258683011,1.44,REAL,13.418667018413544,29.98,REAL,3.582588955760002,18.28,REAL,28.54
9f81a2dd5a3b4d018b565bf7a8698c88.jpg,1000,600,1.6666666666666667,JPEG,0.5102,0.5026,0.4349,0.0,1.02,REAL,98.98,9.97,3.95,2.28,,RGB,55026,REAL_ORIGINAL,False,0.0,1.02,REAL,0.008627615170553327,1.4,REAL,0.005254748975858092,1.12,REAL,0.018416804959997535,1.96,REAL,0.0031193223549053073,0.88,REAL,1.08
