dataset_index,generator,true_label,spatial_prediction,frequency_prediction,hybrid_prediction
0,tensor(0),0,1,1,1
1,tensor(0),0,1,1,1
2,tensor(0),0,1,1,1
3,tensor(0),0,1,1,1
4,tensor(0),0,1,1,1
5,tensor(0),0,1,1,1
6,tensor(0),0,1,1,1
7,tensor(0),0,1,1,1
8,tensor(0),0,1,1,1
9,tensor(0),0,1,1,1
10,tensor(0),0,1,1,1
11,tensor(0),0,1,1,1
12,tensor(0),0,1,1,1
13,tensor(0),0,1,1,1
14,tensor(0),0,1,1,1
15,tensor(0),0,1,1,1
16,tensor(0),0,1,1,1
17,tensor(0),0,1,1,1
18,tensor(0),0,1,1,1
19,tensor(0),0,1,1,1
20,tensor(0),0,1,1,1
21,tensor(0),0,1,1,1
22,tensor(0),0,1,1,1
23,tensor(0),0,1,1,1
24,tensor(0),0,1,1,1
25,tensor(0),0,1,0,1
26,tensor(0),0,1,0,1
27,tensor(0),0,1,1,1
28,tensor(0),0,1,1,1
29,tensor(0),0,1,1,1
30,tensor(0),0,1,1,1
31,tensor(0),0,1,1,1
32,tensor(0),0,1,1,1
33,tensor(0),0,1,1,1
34,tensor(0),0,1,1,1
35,tensor(0),0,1,1,1
36,tensor(0),0,1,0,1
37,tensor(0),0,1,1,1
38,tensor(0),0,1,1,1
39,tensor(0),0,1,1,1
40,tensor(0),0,1,1,1
41,tensor(0),0,1,1,1
42,tensor(0),0,1,1,1
43,tensor(0),0,1,1,1
44,tensor(0),0,1,1,1
45,tensor(0),0,1,1,1
46,tensor(0),0,1,1,1
47,tensor(0),0,1,1,1
48,tensor(0),0,1,1,1
49,tensor(0),0,1,1,1
50,tensor(1),1,1,1,1
51,tensor(2),1,1,1,1
52,tensor(3),1,1,1,1
53,tensor(4),1,1,1,1
54,tensor(6),1,1,1,1
55,tensor(7),1,1,1,1
56,tensor(8),1,1,1,1
57,tensor(1),1,1,1,1
58,tensor(2),1,1,1,1
59,tensor(3),1,1,1,1
60,tensor(4),1,1,1,1
61,tensor(6),1,1,1,1
62,tensor(7),1,1,0,1
63,tensor(8),1,1,1,1
64,tensor(1),1,1,1,1
65,tensor(2),1,1,1,1
66,tensor(3),1,1,1,1
67,tensor(4),1,1,1,1
68,tensor(6),1,1,1,1
69,tensor(7),1,1,1,1
70,tensor(8),1,1,1,1
71,tensor(1),1,1,1,1
72,tensor(2),1,1,1,1
73,tensor(3),1,1,1,1
74,tensor(4),1,1,1,1
75,tensor(6),1,1,1,1
76,tensor(7),1,1,1,1
77,tensor(8),1,1,1,1
78,tensor(1),1,1,0,1
79,tensor(2),1,1,0,1
80,tensor(3),1,1,1,1
81,tensor(4),1,1,1,1
82,tensor(6),1,1,1,1
83,tensor(7),1,1,1,1
84,tensor(8),1,1,1,1
85,tensor(1),1,1,1,1
86,tensor(2),1,1,1,1
87,tensor(3),1,1,1,1
88,tensor(4),1,1,1,1
89,tensor(6),1,1,1,1
90,tensor(7),1,1,1,1
91,tensor(8),1,1,0,1
92,tensor(1),1,1,1,1
93,tensor(2),1,1,1,1
94,tensor(3),1,1,1,1
95,tensor(4),1,1,1,1
96,tensor(6),1,1,1,1
97,tensor(7),1,1,1,1
98,tensor(8),1,1,1,1
99,tensor(1),1,1,1,1
